date,score
2015-01-30,0.4470368516854355
2015-01-31,0.45876197203124547
2015-02-01,0.4660616803860233
2015-02-02,0.46911471367987784
2015-02-03,0.46573534777151376
2015-02-04,0.46961192046590483
2015-02-05,0.4851549916269535
2015-02-06,0.4916596514997869
2015-02-07,0.4993057993898373
2015-02-08,0.5306395100104749
2015-02-09,0.5261105245032286
2015-02-10,0.5010969873157782
2015-02-11,0.49281399169112344
2015-02-12,0.4923320339219642
2015-02-13,0.4885423513822816
2015-02-14,0.4924830847842047
2015-02-15,0.49731896001171993
2015-02-16,0.5050381900331082
2015-02-17,0.5023130798885479
2015-02-18,0.4952492947043516
2015-02-19,0.4849868251722191
2015-02-20,0.48242542932675214
2015-02-21,0.48583188554219714
2015-02-22,0.5027298075016786
2015-02-23,0.5101069805931374
2015-02-24,0.5115242141532281
2015-02-25,0.5039738767713118
2015-02-26,0.4954032892286296
2015-02-27,0.4910649978480041
2015-02-28,0.47769493800281154
2015-03-01,0.4754551606789299
2015-03-02,0.48275463229558213
2015-03-03,0.46931297183085047
2015-03-04,0.4679983658666907
2015-03-05,0.46484297161265686
2015-03-06,0.45628001832585985
2015-03-07,0.46712583605370006
2015-03-08,0.45740518869775737
2015-03-09,0.447469579233846
2015-03-10,0.4309437215789561
2015-03-11,0.42773766435115973
2015-03-12,0.4322141694411618
2015-03-13,0.4328079616139014
2015-03-14,0.4391075561272203
2015-03-15,0.4344232126928769
2015-03-16,0.44746911584280774
2015-03-17,0.46742610864737316
2015-03-18,0.4742513526775011
2015-03-19,0.4884330454551147
2015-03-20,0.49865119921493506
2015-03-21,0.5082577477303218
2015-03-22,0.5131992622899411
2015-03-23,0.49866807005705616
2015-03-24,0.4812099240079389
2015-03-25,0.4851708632223343
2015-03-26,0.48298832353979465
2015-03-27,0.5203716568731279
2015-03-28,0.5205072230613257
2015-03-29,0.5143724263819955
2015-03-30,0.5178703015045846
2015-03-31,0.5175289308365351
2015-04-01,0.5028007729530224
2015-04-02,0.5027186009284043
2015-04-03,0.4955880167359644
2015-04-04,0.501197929902278
2015-04-05,0.5228963659840005
2015-04-06,0.531346186772531
2015-04-07,0.5432474088053845
2015-04-08,0.5443834150946926
2015-04-09,0.5475003880249435
2015-04-10,0.5467767841434449
2015-04-11,0.5340218907750546
2015-04-12,0.5265199867384971
2015-04-13,0.5223143530147911
2015-04-14,0.5310964487816197
2015-04-15,0.5277263929971328
2015-04-16,0.5186562659212234
2015-04-17,0.5005788471602918
2015-04-18,0.4791856583058027
2015-04-19,0.46592367200443274
2015-04-20,0.4521807277186988
2015-04-21,0.45511862178959783
2015-04-22,0.465191242736231
2015-04-23,0.4778415181574042
2015-04-24,0.47425677526681054
2015-04-25,0.46772149276002545
2015-04-26,0.4296566779452106
2015-04-27,0.44061188216128444
2015-04-28,0.434576604937169
2015-04-29,0.4400027927394197
2015-04-30,0.4529942557720012
2015-05-01,0.46393029554621523
2015-05-02,0.4860748176907374
2015-05-03,0.4977968093919822
2015-05-04,0.5006027448527849
2015-05-05,0.4869609810085919
2015-05-06,0.47381924102814227
2015-05-07,0.468812653412859
2015-05-08,0.47345726125599624
2015-05-09,0.48670933594479293
2015-05-10,0.4891270903680257
2015-05-11,0.5052006074941745
2015-05-12,0.5160241898524103
2015-05-13,0.5050032456225108
2015-05-14,0.5048717498150069
2015-05-15,0.49599338435557044
2015-05-16,0.4926113213227226
2015-05-17,0.5061582236517294
2015-05-18,0.5199571440295971
2015-05-19,0.5216692219060586
2015-05-20,0.532568419235186
2015-05-21,0.5326115260938147
2015-05-22,0.5383565328140348
2015-05-23,0.5408286221282294
2015-05-24,0.5395040172439232
2015-05-25,0.5335477031120528
2015-05-26,0.5432560364453861
2015-05-27,0.5399603321124625
2015-05-28,0.548997113507233
2015-05-29,0.5535183532588797
2015-05-30,0.5444433268875717
2015-05-31,0.5466238040680488
2015-06-01,0.5325642137514752
2015-06-02,0.5308642484819485
2015-06-03,0.5320493388219684
2015-06-04,0.5279798959281423
2015-06-05,0.5535697479365991
2015-06-06,0.5633127475530164
2015-06-07,0.5663647027983914
2015-06-08,0.5552567918920933
2015-06-09,0.5604327051824483
2015-06-10,0.5586211840424334
2015-06-11,0.5568250326172018
2015-06-12,0.5592504057515303
2015-06-13,0.5558441850688428
2015-06-14,0.5600416994644497
2015-06-15,0.5546572418792054
2015-06-16,0.5531589979167159
2015-06-17,0.5600522188510326
2015-06-18,0.5696593932857933
2015-06-19,0.5631274859049895
2015-06-20,0.558522902209022
2015-06-21,0.556786830930677
2015-06-22,0.5509837991426407
2015-06-23,0.5533683377107039
2015-06-24,0.5674912354053466
2015-06-25,0.5623479464552396
2015-06-26,0.5544004225620205
2015-06-27,0.5531693663004554
2015-06-28,0.5492141349561456
2015-06-29,0.5484767624601397
2015-06-30,0.5430228413812187
2015-07-01,0.5431583810648808
2015-07-02,0.5448541068681563
2015-07-03,0.5441198483760271
2015-07-04,0.5552105064524191
2015-07-05,0.533794331513162
2015-07-06,0.52725372621025
2015-07-07,0.5310961416163614
2015-07-08,0.5332035078603501
2015-07-09,0.5278012691324496
2015-07-10,0.5246918705489132
2015-07-11,0.5265434543466502
2015-07-12,0.5390628793660752
2015-07-13,0.550100197519143
2015-07-14,0.5617105181909439
2015-07-15,0.570815324881209
2015-07-16,0.5709463532041824
2015-07-17,0.5599842106477525
2015-07-18,0.5790386310284329
2015-07-19,0.5837688129921903
2015-07-20,0.5942057329821577
2015-07-21,0.6000206600291249
2015-07-22,0.6125919666709623
2015-07-23,0.6268355562046498
2015-07-24,0.6335476772632711
2015-07-25,0.64939393892293
2015-07-26,0.6570397877565769
2015-07-27,0.6608165101719272
2015-07-28,0.660733468959854
2015-07-29,0.6643374128985038
2015-07-30,0.665643432698376
2015-07-31,0.6588823713418276
2015-08-01,0.6540514115596642
2015-08-02,0.6517968279080217
2015-08-03,0.6455550235544943
2015-08-04,0.6405691504508765
2015-08-05,0.638215240985856
2015-08-06,0.6306093978404044
2015-08-07,0.6291932758360471
2015-08-08,0.6199419749483825
2015-08-09,0.6211038847440132
2015-08-10,0.620170103667072
2015-08-11,0.6094551405899044
2015-08-12,0.5943624803464663
2015-08-13,0.5802495991397553
2015-08-14,0.5815383400578878
2015-08-15,0.6022293774155919
2015-08-16,0.6037884709557945
2015-08-17,0.5755932518698873
2015-08-18,0.5725640392492674
2015-08-19,0.555436577477849
2015-08-20,0.5442588150222195
2015-08-21,0.5309115927999973
2015-08-22,0.5057368076268647
2015-08-23,0.487523094112114
2015-08-24,0.4771673436247845
2015-08-25,0.47405890925749333
2015-08-26,0.46915660463679065
2015-08-27,0.4644988738003998
2015-08-28,0.45641856506786166
2015-08-29,0.4447034024701479
2015-08-30,0.447463986157721
2015-08-31,0.44393540266011466
2015-09-01,0.43423115410630864
2015-09-02,0.43135032973354875
2015-09-03,0.4216519967489634
2015-09-04,0.42656702942870195
2015-09-05,0.4142238063602317
2015-09-06,0.40017151877853235
2015-09-07,0.4061596505567194
2015-09-08,0.4039131705693756
2015-09-09,0.39269514570202785
2015-09-10,0.39268892937380573
2015-09-11,0.39673823062812424
2015-09-12,0.4037587843335099
2015-09-13,0.3949375127388876
2015-09-14,0.37097999738602344
2015-09-15,0.369179075056266
2015-09-16,0.3633876077516408
2015-09-17,0.3647827441445174
2015-09-18,0.38036217481485707
2015-09-19,0.3837734808577421
2015-09-20,0.38828328477931073
2015-09-21,0.40330675895771445
2015-09-22,0.4128909076231278
2015-09-23,0.40426714410805986
2015-09-24,0.4036838791928984
2015-09-25,0.40542254626555857
2015-09-26,0.40663973979044443
2015-09-27,0.40914346557285874
2015-09-28,0.4211877898028561
2015-09-29,0.41519374304112966
2015-09-30,0.4114342120840172
2015-10-01,0.415167480194481
2015-10-02,0.4074224739522838
2015-10-03,0.41437949318992945
2015-10-04,0.40898827003400046
2015-10-05,0.41465708634354903
2015-10-06,0.4252105025934199
2015-10-07,0.42061684465415117
2015-10-08,0.42793587483032425
2015-10-09,0.4426883272630058
2015-10-10,0.4533900816489707
2015-10-11,0.4637532538098956
2015-10-12,0.47823030948191986
2015-10-13,0.48183130590610523
2015-10-14,0.4868673499489631
2015-10-15,0.49045919309966757
2015-10-16,0.5059483235344502
2015-10-17,0.4955888196076185
2015-10-18,0.4852240853081016
2015-10-19,0.4863158559298983
2015-10-20,0.4754027822535613
2015-10-21,0.4808760906877661
2015-10-22,0.4898655796258412
2015-10-23,0.49689469293514776
2015-10-24,0.49433406683285497
2015-10-25,0.5020551757844445
2015-10-26,0.5017969557810015
2015-10-27,0.4950352805275529
2015-10-28,0.4849456417310559
2015-10-29,0.4925243475136234
2015-10-30,0.49388938833637364
2015-10-31,0.5041475758255436
2015-11-01,0.5095587040720981
2015-11-02,0.5100240969116806
2015-11-03,0.5090266031773447
2015-11-04,0.5179137079204277
2015-11-05,0.5215459125855896
2015-11-06,0.5378851471386075
2015-11-07,0.5314172481125689
2015-11-08,0.5244107791228375
2015-11-09,0.5153221587804407
2015-11-10,0.5130551859252326
2015-11-11,0.5006687029006078
2015-11-12,0.5022721283048135
2015-11-13,0.4896162567698713
2015-11-14,0.5063608050564757
2015-11-15,0.5051396029085456
2015-11-16,0.5138366928556356
2015-11-17,0.5232213701750955
2015-11-18,0.5285516820131171
2015-11-19,0.5348244034650135
2015-11-20,0.5237276484690854
2015-11-21,0.5127483919015935
2015-11-22,0.513098587346187
2015-11-23,0.5224072293214956
2015-11-24,0.5107420855807211
2015-11-25,0.5134275034242058
2015-11-26,0.5305124110008868
2015-11-27,0.5587884393381145
2015-11-28,0.5545856729602456
2015-11-29,0.5721284476458774
2015-11-30,0.5748945982892456
2015-12-01,0.5777145873959993
2015-12-02,0.5704294985961481
2015-12-03,0.575683402586894
2015-12-04,0.5750313356577602
2015-12-05,0.5650849182122774
2015-12-06,0.5531345258466479
2015-12-07,0.5671590243376827
2015-12-08,0.575406493363595
2015-12-09,0.5767946917650636
2015-12-10,0.5677717555575339
2015-12-11,0.5772260611216794
2015-12-12,0.5858861032776566
2015-12-13,0.5966842253433842
2015-12-14,0.5808247761506016
2015-12-15,0.5732970439421804
2015-12-16,0.5699213825665191
2015-12-17,0.5581091690151752
2015-12-18,0.5543812323140187
2015-12-19,0.5452525213576316
2015-12-20,0.5442611546616993
2015-12-21,0.5481321336582802
2015-12-22,0.5497699328917399
2015-12-23,0.5509088217806288
2015-12-24,0.5708973101610879
2015-12-25,0.5725514664024001
2015-12-26,0.5705832124341461
2015-12-27,0.5661368610484355
2015-12-28,0.5831033377669528
2015-12-29,0.5793844259598057
2015-12-30,0.5822468758842592
2015-12-31,0.5918996536620369
2016-01-01,0.6160597606744359
2016-01-02,0.6238350964497719
2016-01-03,0.6241138226709411
2016-01-04,0.6346598577072462
2016-01-05,0.6373387406185803
2016-01-06,0.6170491016236694
2016-01-07,0.6120398370399368
2016-01-08,0.6222069256475318
2016-01-09,0.6198909211043557
2016-01-10,0.609873008454864
2016-01-11,0.5942538009565255
2016-01-12,0.5822483809023248
2016-01-13,0.5783637715941933
2016-01-14,0.577857235646481
2016-01-15,0.5840258539134597
2016-01-16,0.6006998190891453
2016-01-17,0.6044000088424659
2016-01-18,0.6192148236572808
2016-01-19,0.6174079008246356
2016-01-20,0.6198094308316561
2016-01-21,0.6199319593752374
2016-01-22,0.6234041815974595
2016-01-23,0.603602512106466
2016-01-24,0.6020007805047344
2016-01-25,0.5897067898606178
2016-01-26,0.5773818552331302
2016-01-27,0.5633247394225024
2016-01-28,0.5528414289693031
2016-01-29,0.5545757603540356
2016-01-30,0.5483929646551109
2016-01-31,0.5186595810168037
2016-02-01,0.5093677437249664
2016-02-02,0.5095481199520566
2016-02-03,0.5086359575583671
2016-02-04,0.5104328298747212
2016-02-05,0.5235625796126667
2016-02-06,0.522450522875078
2016-02-07,0.5125563199765273
2016-02-08,0.5193867530659532
2016-02-09,0.5135976437401985
2016-02-10,0.5257085810636004
2016-02-11,0.5440256381986688
2016-02-12,0.5677413279052567
2016-02-13,0.5660557898402654
2016-02-14,0.5679487343199321
2016-02-15,0.5651302627049724
2016-02-16,0.559141134380375
2016-02-17,0.5560503675572139
2016-02-18,0.5612891830592138
2016-02-19,0.5534235368007104
2016-02-20,0.554763341776879
2016-02-21,0.5472654909279644
2016-02-22,0.548167188547136
2016-02-23,0.5426026629826103
2016-02-24,0.5483259357873522
2016-02-25,0.5404593189037735
2016-02-26,0.5455925936547988
2016-02-27,0.5562559599491048
2016-02-28,0.5384144193198915
2016-02-29,0.5340744268150629
2016-03-01,0.5383033633539409
2016-03-02,0.5352951752198947
2016-03-03,0.5178743822412634
2016-03-04,0.5139523720703087
2016-03-05,0.49793432356495065
2016-03-06,0.4792395828849762
2016-03-07,0.4749055959568716
2016-03-08,0.47895821216316387
2016-03-09,0.4757249063872467
2016-03-10,0.465060935872083
2016-03-11,0.4562235270346741
2016-03-12,0.45835344839536474
2016-03-13,0.43881985753551234
2016-03-14,0.44241726307285933
2016-03-15,0.4291843531548666
2016-03-16,0.4184094680502434
2016-03-17,0.41839520736491564
2016-03-18,0.4233533878201963
2016-03-19,0.43832452948412576
2016-03-20,0.4311870835966799
2016-03-21,0.40883791761115024
2016-03-22,0.40141786472637175
2016-03-23,0.4090029946664295
2016-03-24,0.41696777763121246
2016-03-25,0.41081592818280227
2016-03-26,0.4093134802023861
2016-03-27,0.40356179912649753
2016-03-28,0.3992121391141344
2016-03-29,0.4004277322397457
2016-03-30,0.40254686362212067
2016-03-31,0.4117831260283177
2016-04-01,0.4258754219856023
2016-04-02,0.4510635842070126
2016-04-03,0.45302194870464413
2016-04-04,0.46189912549525924
2016-04-05,0.4739398838275777
2016-04-06,0.47589995771220406
2016-04-07,0.46596916871385474
2016-04-08,0.4749218989502036
2016-04-09,0.4842828126117847
2016-04-10,0.4815349034122626
2016-04-11,0.46320962404047167
2016-04-12,0.4603910571174024
2016-04-13,0.46497242720409665
2016-04-14,0.4625084247400942
2016-04-15,0.4668059454012512
2016-04-16,0.4670572867566713
2016-04-17,0.44696940991728124
2016-04-18,0.4204676150009474
2016-04-19,0.433252335521517
2016-04-20,0.45434495205531
2016-04-21,0.46026949654054194
2016-04-22,0.45325976597912637
2016-04-23,0.4517116389046835
2016-04-24,0.4540727255678297
2016-04-25,0.45292208359978114
2016-04-26,0.44975503189330046
2016-04-27,0.4547248061120253
2016-04-28,0.4657098582681711
2016-04-29,0.47790139387742825
2016-04-30,0.47679270348769204
2016-05-01,0.469155403716525
2016-05-02,0.46186185338499997
2016-05-03,0.46803696859237326
2016-05-04,0.476781708916061
2016-05-05,0.48002421804092305
2016-05-06,0.48811316376413977
2016-05-07,0.4966966505658587
2016-05-08,0.48801947769097803
2016-05-09,0.49745266413586386
2016-05-10,0.5032381432794307
2016-05-11,0.5094969627124214
2016-05-12,0.5005789878720913
2016-05-13,0.4953151703510987
2016-05-14,0.4979029009388293
2016-05-15,0.49301647489919076
2016-05-16,0.4872034174697458
2016-05-17,0.4934499416032358
2016-05-18,0.4957671930652241
2016-05-19,0.4833699184321005
2016-05-20,0.47295727919800307
2016-05-21,0.47161113227362483
2016-05-22,0.4675709685732346
2016-05-23,0.45603100755958936
2016-05-24,0.46047968981551013
2016-05-25,0.47175508811884137
2016-05-26,0.4695535118504379
2016-05-27,0.47206920837948535
2016-05-28,0.4602618918337127
2016-05-29,0.44196784020632773
2016-05-30,0.44346337368018107
2016-05-31,0.43923325724986473
2016-06-01,0.4247589147955329
2016-06-02,0.4159448554311096
2016-06-03,0.41204591695273185
2016-06-04,0.39783235273916767
2016-06-05,0.3909104941208625
2016-06-06,0.38906847053302884
2016-06-07,0.3961061322062802
2016-06-08,0.39502292428373115
2016-06-09,0.39438980890815
2016-06-10,0.39452008674947797
2016-06-11,0.4033719862253084
2016-06-12,0.40070057272319876
2016-06-13,0.4004343944570204
2016-06-14,0.3801852543084612
2016-06-15,0.3797520086502449
2016-06-16,0.37817666176094644
2016-06-17,0.37694362528936043
2016-06-18,0.38041981576555084
2016-06-19,0.3893552932537238
2016-06-20,0.3885440057757697
2016-06-21,0.39319964044524924
2016-06-22,0.3991453487648449
2016-06-23,0.3948225983686021
2016-06-24,0.3994346841385826
2016-06-25,0.4061661043004664
2016-06-26,0.3951855610525372
2016-06-27,0.3965335429755542
2016-06-28,0.3972177613304553
2016-06-29,0.3919972544437385
2016-06-30,0.3958760678592362
2016-07-01,0.41601130758386856
2016-07-02,0.42525739459806144
2016-07-03,0.4246597378189743
2016-07-04,0.44186265502189154
2016-07-05,0.4510919206212539
2016-07-06,0.44994881118874325
2016-07-07,0.4439648656002491
2016-07-08,0.4442351201287598
2016-07-09,0.4354814592110898
2016-07-10,0.4381500381634081
2016-07-11,0.436236120010593
2016-07-12,0.4436175602916234
2016-07-13,0.4504278894423781
2016-07-14,0.4735432536103738
2016-07-15,0.48141578735907586
2016-07-16,0.4888832019771256
2016-07-17,0.497839830875219
2016-07-18,0.5005008953009893
2016-07-19,0.5051585521817308
2016-07-20,0.5006484262922946
2016-07-21,0.49926150528753666
2016-07-22,0.5004122063544267
2016-07-23,0.511698615254017
2016-07-24,0.5005613972089044
2016-07-25,0.4968395990748924
2016-07-26,0.5015660091154526
2016-07-27,0.51326074733193
2016-07-28,0.5278820053936164
2016-07-29,0.5334999829217062
2016-07-30,0.5391449790300181
2016-07-31,0.5441071251788003
2016-08-01,0.5343701121917872
2016-08-02,0.5320694922705339
2016-08-03,0.5262593042022814
2016-08-04,0.5169138316373367
2016-08-05,0.5250180122767287
2016-08-06,0.5237953152206983
2016-08-07,0.5160294315850555
2016-08-08,0.5258227828878408
2016-08-09,0.5238808652828382
2016-08-10,0.5215747187107341
2016-08-11,0.5186464034297037
2016-08-12,0.518790231233106
2016-08-13,0.5201134635563383
2016-08-14,0.5252086570644532
2016-08-15,0.5171061312463618
2016-08-16,0.5204717201064043
2016-08-17,0.5239614493314276
2016-08-18,0.5165920447759488
2016-08-19,0.5224054288107484
2016-08-20,0.5198420492350752
2016-08-21,0.5198103558101025
2016-08-22,0.5148614050382517
2016-08-23,0.5129930187948655
2016-08-24,0.5171106502622107
2016-08-25,0.5168768509652435
2016-08-26,0.5093706213313542
2016-08-27,0.5031365351455773
2016-08-28,0.49856557804986773
2016-08-29,0.4792058030850294
2016-08-30,0.4648254068776032
2016-08-31,0.4633817162398827
2016-09-01,0.4674492286888981
2016-09-02,0.45471291750198994
2016-09-03,0.46204807161826
2016-09-04,0.459141206060792
2016-09-05,0.46737679885084027
2016-09-06,0.46226244531022304
2016-09-07,0.4405579488523248
2016-09-08,0.4326978918372516
2016-09-09,0.4324478918372517
2016-09-10,0.4316297170860079
2016-09-11,0.4266487331576555
2016-09-12,0.4258138707723344
2016-09-13,0.4108448611404034
2016-09-14,0.41921429937572463
2016-09-15,0.4216835882295509
2016-09-16,0.42028166492981733
2016-09-17,0.42177574323737227
2016-09-18,0.4250944073517264
2016-09-19,0.4264647036366249
2016-09-20,0.43073221542525003
2016-09-21,0.4323058665590433
2016-09-22,0.43008215587496673
2016-09-23,0.4231343512154685
2016-09-24,0.4151953060321778
2016-09-25,0.4138309757328368
2016-09-26,0.4103779566455116
2016-09-27,0.40748189527156414
2016-09-28,0.41636464747983937
2016-09-29,0.418824107017021
2016-09-30,0.42596425374102803
2016-10-01,0.4268463904722214
2016-10-02,0.44299194509342776
2016-10-03,0.43949013381173035
2016-10-04,0.4414975284697274
2016-10-05,0.438746507604929
2016-10-06,0.4483053055899907
2016-10-07,0.4727477790659057
2016-10-08,0.4841954705207247
2016-10-09,0.4838300859053401
2016-10-10,0.4866897008739752
2016-10-11,0.48410190538641434
2016-10-12,0.476535769435629
2016-10-13,0.48322471965906194
2016-10-14,0.47854274949696746
2016-10-15,0.4625716597833759
2016-10-16,0.45834122261203925
2016-10-17,0.45222419564858213
2016-10-18,0.4479041936907849
2016-10-19,0.44428786615137056
2016-10-20,0.42791665204645657
2016-10-21,0.4212399968591345
2016-10-22,0.4231616524393267
2016-10-23,0.4398426058944737
2016-10-24,0.4448239524153829
2016-10-25,0.43250002839097135
2016-10-26,0.4300688116820843
2016-10-27,0.42986122045576747
2016-10-28,0.4253583769232913
2016-10-29,0.40862532783971356
2016-10-30,0.405532328192821
2016-10-31,0.40602282262553013
2016-11-01,0.3987886062858913
2016-11-02,0.3913883738748474
2016-11-03,0.3845281501791807
2016-11-04,0.37332689057002993
2016-11-05,0.3675242999814089
2016-11-06,0.3686453891493415
2016-11-07,0.37326903912818277
2016-11-08,0.37561881248587164
2016-11-09,0.3744025066304776
2016-11-10,0.37696584704095176
2016-11-11,0.37656292380843076
2016-11-12,0.3802285589395832
2016-11-13,0.3853335603374091
2016-11-14,0.39023704880720295
2016-11-15,0.40125631404017786
2016-11-16,0.41353824435616393
2016-11-17,0.4234579989310909
2016-11-18,0.43313323033868745
2016-11-19,0.44244705227671005
2016-11-20,0.4465282978396901
2016-11-21,0.44723175168273915
2016-11-22,0.432005842839809
2016-11-23,0.4168973059078516
2016-11-24,0.4278786025402372
2016-11-25,0.4310343556390227
2016-11-26,0.4308917064517477
2016-11-27,0.4316916313540201
2016-11-28,0.44852216184211213
2016-11-29,0.4495219363539967
2016-11-30,0.4412730709735925
2016-12-01,0.4484198564749392
2016-12-02,0.44491729069264857
2016-12-03,0.45064785748546243
2016-12-04,0.45454403234885044
2016-12-05,0.46106163721735727
2016-12-06,0.45596777828718127
2016-12-07,0.44727851360540716
2016-12-08,0.4423324710499067
2016-12-09,0.4373761813848791
2016-12-10,0.44100244401114175
2016-12-11,0.45238969891310254
2016-12-12,0.453885425408829
2016-12-13,0.453474743193384
2016-12-14,0.45335812946680226
2016-12-15,0.4410214177550905
2016-12-16,0.4266601941833406
2016-12-17,0.41715280502077906
2016-12-18,0.4152941938491368
2016-12-19,0.41480299802075277
2016-12-20,0.40266770930391105
2016-12-21,0.40198201534719874
2016-12-22,0.40680611477841844
2016-12-23,0.42238381872821545
2016-12-24,0.41776217121863696
2016-12-25,0.4173030858503856
2016-12-26,0.43383182932747183
2016-12-27,0.44763831132889365
2016-12-28,0.4590863199905246
2016-12-29,0.4612179235208459
2016-12-30,0.45927228281377774
2016-12-31,0.45867891800916194
2017-01-01,0.46494042242478933
2017-01-02,0.45821060623500837
2017-01-03,0.461810713588739
2017-01-04,0.45727827655123254
2017-01-05,0.4612434012060123
2017-01-06,0.46512065690911075
2017-01-07,0.4703293995141556
2017-01-08,0.47465586731718595
2017-01-09,0.478369473971969
2017-01-10,0.4768177661920829
2017-01-11,0.47163366119755135
2017-01-12,0.46846645151308997
2017-01-13,0.4649420714991484
2017-01-14,0.46840591996299685
2017-01-15,0.46396981821613814
2017-01-16,0.46303575228207217
2017-01-17,0.4595506410841301
2017-01-18,0.4634207560013706
2017-01-19,0.47969106139448303
2017-01-20,0.49098562922369815
2017-01-21,0.49545795145592136
2017-01-22,0.4968778423289372
2017-01-23,0.5054264665675425
2017-01-24,0.525203672884961
2017-01-25,0.5166789699003188
2017-01-26,0.5091321793420299
2017-01-27,0.5018872425894205
2017-01-28,0.5004088752179465
2017-01-29,0.5132826981934644
2017-01-30,0.5023883206999423
2017-01-31,0.5114821090629715
2017-02-01,0.5101679836440929
2017-02-02,0.5118691691515203
2017-02-03,0.5137132958371023
2017-02-04,0.5066517974977136
2017-02-05,0.5119786164114891
2017-02-06,0.5154968147188201
2017-02-07,0.5148421715450613
2017-02-08,0.5166657009568261
2017-02-09,0.508108729781259
2017-02-10,0.4976543478501749
2017-02-11,0.5061650306193761
2017-02-12,0.510586228260256
2017-02-13,0.507003232308839
2017-02-14,0.5175755834272412
2017-02-15,0.5209111778739468
2017-02-16,0.5275474601426484
2017-02-17,0.5328566684335082
2017-02-18,0.5264301505914653
2017-02-19,0.5217971927946126
2017-02-20,0.5205926196407706
2017-02-21,0.5199277505404757
2017-02-22,0.5188238506231689
2017-02-23,0.4898814706136526
2017-02-24,0.48484620415597235
2017-02-25,0.48591148842166676
2017-02-26,0.5015028520965545
2017-02-27,0.4786465632395483
2017-02-28,0.4476006916799153
2017-03-01,0.4438792521735839
2017-03-02,0.4178188327654589
2017-03-03,0.4041785784631184
2017-03-04,0.3938152073293558
2017-03-05,0.3858956414755875
2017-03-06,0.3840236963092591
2017-03-07,0.3701168463154526
2017-03-08,0.36274202744369766
2017-03-09,0.3648886970349823
2017-03-10,0.3607759995287953
2017-03-11,0.36628929695814405
2017-03-12,0.38129029982086127
2017-03-13,0.37195411500620756
2017-03-14,0.3766841164879713
2017-03-15,0.3980340469973676
2017-03-16,0.39910484291698156
2017-03-17,0.4028748272572707
2017-03-18,0.39626637454226066
2017-03-19,0.40066452269040875
2017-03-20,0.39828620733045544
2017-03-21,0.38560628308803113
2017-03-22,0.38009920851460033
2017-03-23,0.38533019696517784
2017-03-24,0.3784410281994347
2017-03-25,0.39971858105593494
2017-03-26,0.3986811800185339
2017-03-27,0.394561070185187
2017-03-28,0.3762882120527724
2017-03-29,0.401132360474473
2017-03-30,0.42986605364645586
2017-03-31,0.4446464080059685
2017-04-01,0.48274692144907244
2017-04-02,0.501166512549076
2017-04-03,0.5154981605469268
2017-04-04,0.5320752482678568
2017-04-05,0.5450639914281703
2017-04-06,0.5537741306966854
2017-04-07,0.5658342044746806
2017-04-08,0.556029123070816
2017-04-09,0.5543521592579298
2017-04-10,0.5519518363166802
2017-04-11,0.5558802093847534
2017-04-12,0.5621977827168457
2017-04-13,0.5574677812350821
2017-04-14,0.5493113933631212
2017-04-15,0.5480686736015066
2017-04-16,0.5422049423978229
2017-04-17,0.5534648003866529
2017-04-18,0.5450867054408783
2017-04-19,0.5436671856943254
2017-04-20,0.5598217448813619
2017-04-21,0.564522993587366
2017-04-22,0.5603510423209838
2017-04-23,0.5589594565604661
2017-04-24,0.5505877712657038
2017-04-25,0.5592272803399955
2017-04-26,0.5701732254099707
2017-04-27,0.5733228263138648
2017-04-28,0.5804241435784389
2017-04-29,0.587879179108946
2017-04-30,0.5933080486223226
2017-05-01,0.5822307146605772
2017-05-02,0.5787942885437387
2017-05-03,0.5682306011714338
2017-05-04,0.570545091679263
2017-05-05,0.5680930929383124
2017-05-06,0.5680166031253648
2017-05-07,0.5595554094908721
2017-05-08,0.5724271165294497
2017-05-09,0.5643144363293909
2017-05-10,0.567345855082459
2017-05-11,0.5548441122062363
2017-05-12,0.5477367191571987
2017-05-13,0.5718008775541906
2017-05-14,0.5718245345849448
2017-05-15,0.5819114911066839
2017-05-16,0.5741152783483181
2017-05-17,0.5617073823693449
2017-05-18,0.5671206117646376
2017-05-19,0.5743081079050403
2017-05-20,0.5672918062937614
2017-05-21,0.5649208921837168
2017-05-22,0.5672795123994799
2017-05-23,0.5704573462915372
2017-05-24,0.572637403357453
2017-05-25,0.5665504468357139
2017-05-26,0.5597366481903229
2017-05-27,0.5528498148329013
2017-05-28,0.5439435648329013
2017-05-29,0.5524976773870139
2017-05-30,0.5460963930177273
2017-05-31,0.5470279130362914
2017-06-01,0.5615101136835405
2017-06-02,0.5685981244603704
2017-06-03,0.5611003828162873
2017-06-04,0.5551890960354353
2017-06-05,0.5552554166153973
2017-06-06,0.5549635991086675
2017-06-07,0.5528052951510686
2017-06-08,0.5589609046440568
2017-06-09,0.5612690768212245
2017-06-10,0.5629254779765296
2017-06-11,0.5670585120512082
2017-06-12,0.5407207556047561
2017-06-13,0.5291079466291235
2017-06-14,0.5207489722701492
2017-06-15,0.532175315772942
2017-06-16,0.5369774280053947
2017-06-17,0.5336170914502177
2017-06-18,0.527375923567006
2017-06-19,0.5259154049189874
2017-06-20,0.5218448968829621
2017-06-21,0.5098910737138046
2017-06-22,0.5150876766004857
2017-06-23,0.5107682789639758
2017-06-24,0.5124166306123275
2017-06-25,0.5000567587294631
2017-06-26,0.504764940159489
2017-06-27,0.49692380955520055
2017-06-28,0.4823940131105105
2017-06-29,0.4881893827893753
2017-06-30,0.48806037563688043
2017-07-01,0.4862337766493822
2017-07-02,0.4913749398483057
2017-07-03,0.5001775781029988
2017-07-04,0.5161473444160145
2017-07-05,0.5196419731910537
2017-07-06,0.5260382601142748
2017-07-07,0.5330914860138878
2017-07-08,0.5446324913048931
2017-07-09,0.5517504151475285
2017-07-10,0.5628767684712546
2017-07-11,0.5662555896989386
2017-07-12,0.5812740325544602
2017-07-13,0.5838536907527762
2017-07-14,0.5920632398243942
2017-07-15,0.6022952706373628
2017-07-16,0.603777564434647
2017-07-17,0.6051963169873047
2017-07-18,0.608944660300678
2017-07-19,0.6134349728555066
2017-07-20,0.6087751761578545
2017-07-21,0.6130353966334093
2017-07-22,0.6071928964923816
2017-07-23,0.6087260889896609
2017-07-24,0.6016618187296994
2017-07-25,0.6166876830182559
2017-07-26,0.6142545593159119
2017-07-27,0.6161846729710478
2017-07-28,0.6166334417477537
2017-07-29,0.6113342964486085
2017-07-30,0.5920343181671137
2017-07-31,0.5843973038679574
2017-08-01,0.5785808806791727
2017-08-02,0.5757524775291496
2017-08-03,0.566613415817362
2017-08-04,0.564251592926526
2017-08-05,0.5699195122283094
2017-08-06,0.5658717244783488
2017-08-07,0.5549371797202746
2017-08-08,0.554462191983428
2017-08-09,0.5507318355990117
2017-08-10,0.5410405713864709
2017-08-11,0.5384151766592917
2017-08-12,0.5483430760037549
2017-08-13,0.5417246441482539
2017-08-14,0.5270015595329588
2017-08-15,0.5112957985710309
2017-08-16,0.501319857969903
2017-08-17,0.5015286413716225
2017-08-18,0.4973418284491525
2017-08-19,0.5112532436505646
2017-08-20,0.5114864546201175
2017-08-21,0.5192676723703755
2017-08-22,0.5168435998537884
2017-08-23,0.5189473267811134
2017-08-24,0.5096523823612983
2017-08-25,0.49858819494665396
2017-08-26,0.5044167943133889
2017-08-27,0.4903174916733832
2017-08-28,0.48685130809850397
2017-08-29,0.49351090248648244
2017-08-30,0.4888515105281865
2017-08-31,0.5020417137837273
2017-09-01,0.509378534095376
2017-09-02,0.5180689551214798
2017-09-03,0.5275182304837986
2017-09-04,0.5233398267279301
2017-09-05,0.512922579031542
2017-09-06,0.5131739616358658
2017-09-07,0.4980144997042823
2017-09-08,0.4929079188931732
2017-09-09,0.4886519454493017
2017-09-10,0.47454538409684555
2017-09-11,0.4641525022864201
2017-09-12,0.4668409943499122
2017-09-13,0.46988529956552016
2017-09-14,0.48783934987251165
2017-09-15,0.49917717984145576
2017-09-16,0.5015217958649522
2017-09-17,0.5050416366737768
2017-09-18,0.49274998608069714
2017-09-19,0.5015889172980404
2017-09-20,0.5027290770656512
2017-09-21,0.5087237183175385
2017-09-22,0.5217297875528436
2017-09-23,0.5298244333713701
2017-09-24,0.5359135292328936
2017-09-25,0.5270890204083848
2017-09-26,0.5376892563920943
2017-09-27,0.5455053217636638
2017-09-28,0.5540678154680492
2017-09-29,0.564168390180693
2017-09-30,0.559014143157223
2017-10-01,0.547202442323369
2017-10-02,0.5364180003022857
2017-10-03,0.5228787846160112
2017-10-04,0.5157598072315471
2017-10-05,0.5291895810647651
2017-10-06,0.5516791829661317
2017-10-07,0.5753887639098001
2017-10-08,0.5853095051530472
2017-10-09,0.5967424835426377
2017-10-10,0.6103436881132059
2017-10-11,0.6177748615239544
2017-10-12,0.6018009858625788
2017-10-13,0.612895394898624
2017-10-14,0.6158978117047218
2017-10-15,0.6277644682581199
2017-10-16,0.6298589159957211
2017-10-17,0.6307947053136677
2017-10-18,0.6407943753062738
2017-10-19,0.6423897574189772
2017-10-20,0.6444708861667725
2017-10-21,0.6472384624455756
2017-10-22,0.6408887057144043
2017-10-23,0.6352726505491687
2017-10-24,0.640587063459575
2017-10-25,0.6662306310878755
2017-10-26,0.6746003477947456
2017-10-27,0.6805296396440632
2017-10-28,0.6917310396797329
2017-10-29,0.6848944579705875
2017-10-30,0.6868949841101579
2017-10-31,0.6902177382885331
2017-11-01,0.6920994121702069
2017-11-02,0.7068584860125099
2017-11-03,0.7340147073448323
2017-11-04,0.7294919781793411
2017-11-05,0.7263659302804335
2017-11-06,0.7182969374176263
2017-11-07,0.7287905540288899
2017-11-08,0.7371212989788877
2017-11-09,0.728766982859357
2017-11-10,0.767095930162568
2017-11-11,0.7951426349555962
2017-11-12,0.7895415810230426
2017-11-13,0.7963349481431635
2017-11-14,0.7956718694883163
2017-11-15,0.8025396365154458
2017-11-16,0.8101547611457794
2017-11-17,0.8265835293604613
2017-11-18,0.8336264427712994
2017-11-19,0.8373450088494161
2017-11-20,0.8360359531170314
2017-11-21,0.8460950957004457
2017-11-22,0.8556465389268362
2017-11-23,0.8775542957402535
2017-11-24,0.8967272405755242
2017-11-25,0.8917380306949175
2017-11-26,0.8877428894256574
2017-11-27,0.8787550206214546
2017-11-28,0.8902461056093619
2017-11-29,0.8923657504811972
2017-11-30,0.8972893321112092
2017-12-01,0.9051077027333182
2017-12-02,0.9068115393564062
2017-12-03,0.884480388598512
2017-12-04,0.8801470583986881
2017-12-05,0.8860974569120312
2017-12-06,0.9006452202068111
2017-12-07,0.8984562719002158
2017-12-08,0.9002585268145039
2017-12-09,0.9095613906909427
2017-12-10,0.8808845342228241
2017-12-11,0.8684365247159911
2017-12-12,0.8767576893692943
2017-12-13,0.8735982690794393
2017-12-14,0.8637964311715775
2017-12-15,0.872008029223813
2017-12-16,0.8882320422385871
2017-12-17,0.87477273001523
2017-12-18,0.8803540811610973
2017-12-19,0.8847163231637886
2017-12-20,0.91503614987123
2017-12-21,0.940155840559783
2017-12-22,0.9378077540859296
2017-12-23,0.9294416639391792
2017-12-24,0.9337211535127863
2017-12-25,0.9553954884855506
2017-12-26,0.9836745023010626
2017-12-27,0.9882940755742516
2017-12-28,0.9743333423555672
2017-12-29,0.9701423516056885
2017-12-30,0.9727832199590114
2017-12-31,0.9845845760154527
2018-01-01,0.981777412401648
2018-01-02,0.9961851403498952
2018-01-03,1.0122005894352277
2018-01-04,1.0025433004634814
2018-01-05,1.0066548494326648
2018-01-06,1.0251630079408232
2018-01-07,1.0271996789992335
2018-01-08,1.0297819330030433
2018-01-09,1.0294058493722429
2018-01-10,1.0434450509114443
2018-01-11,1.0488630427333434
2018-01-12,1.0628805865929924
2018-01-13,1.0885307503379358
2018-01-14,1.0881835281157135
2018-01-15,1.082868589516277
2018-01-16,1.0962083703028667
2018-01-17,1.0935925721225521
2018-01-18,1.097462758031573
2018-01-19,1.076253959520143
2018-01-20,1.063979318518745
2018-01-21,1.0675849561761066
2018-01-22,1.0788772868533976
2018-01-23,1.052241770067402
2018-01-24,1.0317504936670348
2018-01-25,1.0139984958112471
2018-01-26,1.0232411299665993
2018-01-27,1.057566137646365
2018-01-28,1.0642999780757503
2018-01-29,1.0679602670005999
2018-01-30,1.0661377431192525
2018-01-31,1.0643732276864875
2018-02-01,1.0614542899192319
2018-02-02,1.0708727581612294
2018-02-03,1.0911638070354743
2018-02-04,1.0730701056312393
2018-02-05,1.0563542780149378
2018-02-06,1.06180453655401
2018-02-07,1.0605224070832013
2018-02-08,1.0544219423640855
2018-02-09,1.0550372862794293
2018-02-10,1.0663808377845385
2018-02-11,1.0572799605915562
2018-02-12,1.0393308959082115
2018-02-13,1.0342567007371852
2018-02-14,1.0215754135689084
2018-02-15,1.020658407747467
2018-02-16,1.014746726835786
2018-02-17,0.9988764696674347
2018-02-18,0.994789374459058
2018-02-19,0.9844526039792114
2018-02-20,0.9844857653834183
2018-02-21,0.967630491443716
2018-02-22,0.9686691311810198
2018-02-23,0.975120003540983
2018-02-24,0.964466014519465
2018-02-25,0.9558734219268725
2018-02-26,0.9347168005613139
2018-02-27,0.9298906160075312
2018-02-28,0.9140131225834078
2018-03-01,0.89591441663373
2018-03-02,0.9000428813816639
2018-03-03,0.9071117342744445
2018-03-04,0.8943451677938377
2018-03-05,0.8810724405211104
2018-03-06,0.8866887378819167
2018-03-07,0.8810202831139359
2018-03-08,0.8696903255354944
2018-03-09,0.8791693713124126
2018-03-10,0.9048992246914962
2018-03-11,0.9097388777274318
2018-03-12,0.883336092314201
2018-03-13,0.8817229275930597
2018-03-14,0.8748797139581342
2018-03-15,0.8697862262023313
2018-03-16,0.8718978597794821
2018-03-17,0.8701795918132575
2018-03-18,0.8639729434687999
2018-03-19,0.8810847792738573
2018-03-20,0.8887275390905301
2018-03-21,0.9117928941697273
2018-03-22,0.9397678517219153
2018-03-23,0.9435095584251869
2018-03-24,0.9364936957214892
2018-03-25,0.9434558405341013
2018-03-26,0.9732927635961083
2018-03-27,0.9585084498706181
2018-03-28,0.9407417412132049
2018-03-29,0.9287194871877168
2018-03-30,0.9331498939941897
2018-03-31,0.9667459664559943
2018-04-01,0.9437879152370735
2018-04-02,0.9093253485639805
2018-04-03,0.8922619096479333
2018-04-04,0.8714290066266894
2018-04-05,0.8511947714227932
2018-04-06,0.8445237953400523
2018-04-07,0.8247144113508423
2018-04-08,0.8182044839654771
2018-04-09,0.8120507581073177
2018-04-10,0.8247073356700517
2018-04-11,0.8565856722996197
2018-04-12,0.8592453637185319
2018-04-13,0.8623121675647355
2018-04-14,0.8946467184464761
2018-04-15,0.8924452009013567
2018-04-16,0.8936774527957141
2018-04-17,0.9064352011123243
2018-04-18,0.9006693077667733
2018-04-19,0.8924580943128414
2018-04-20,0.8734158371459483
2018-04-21,0.8680348722270687
2018-04-22,0.869627654728529
2018-04-23,0.876095354525137
2018-04-24,0.854095377516021
2018-04-25,0.8329565615895571
2018-04-26,0.8533868930141624
2018-04-27,0.8763473446980183
2018-04-28,0.894905054934826
2018-04-29,0.9033107837156642
2018-04-30,0.8842268809090906
2018-05-01,0.8999878474028368
2018-05-02,0.9384017315756343
2018-05-03,0.9674493086163306
2018-05-04,1.0023570779477349
2018-05-05,1.0508759800226715
2018-05-06,1.0697258753773549
2018-05-07,1.1021712864631035
2018-05-08,1.1093350062221508
2018-05-09,1.0972997978735786
2018-05-10,1.0797624457795818
2018-05-11,1.0721470431889049
2018-05-12,1.1035867802273978
2018-05-13,1.1096240138087239
2018-05-14,1.0858577364049935
2018-05-15,1.0917095145864548
2018-05-16,1.0999412631981302
2018-05-17,1.1004486035758754
2018-05-18,1.1242206106659915
2018-05-19,1.1515963959315543
2018-05-20,1.1501276644995875
2018-05-21,1.1305349560224636
2018-05-22,1.141800497992231
2018-05-23,1.1481885610831926
2018-05-24,1.168352655905959
2018-05-25,1.194099085526671
2018-05-26,1.2111197344942226
2018-05-27,1.2301322035066917
2018-05-28,1.2411892245956768
2018-05-29,1.243458773115426
2018-05-30,1.2411874167262544
2018-05-31,1.2590402290476086
2018-06-01,1.2949909783929756
2018-06-02,1.3150536314016088
2018-06-03,1.2934853633319174
2018-06-04,1.2669430291085084
2018-06-05,1.2587616551812615
2018-06-06,1.2621681154482398
2018-06-07,1.269486746302408
2018-06-08,1.258322431786279
2018-06-09,1.2897349818530346
2018-06-10,1.2745811137091103
2018-06-11,1.2376088402404866
2018-06-12,1.2425125565535986
2018-06-13,1.2395027612093894
2018-06-14,1.2470753055458523
2018-06-15,1.2595474906815887
2018-06-16,1.2867837517316556
2018-06-17,1.286170234751695
2018-06-18,1.2677061824641134
2018-06-19,1.2695974162303472
2018-06-20,1.285720058792561
2018-06-21,1.2433839763337793
2018-06-22,1.2638753009917707
2018-06-23,1.2737623793222452
2018-06-24,1.2344118768643342
2018-06-25,1.2242778735142503
2018-06-26,1.1947791701491988
2018-06-27,1.174783307206893
2018-06-28,1.1685538529005157
2018-06-29,1.1792171647512555
2018-06-30,1.179257427262831
2018-07-01,1.1354231359937315
2018-07-02,1.103917323431474
2018-07-03,1.1168218172436062
2018-07-04,1.1117211826172768
2018-07-05,1.1084038485341878
2018-07-06,1.1111033790506197
2018-07-07,1.1108791827731241
2018-07-08,1.1223484579832081
2018-07-09,1.090366773001523
2018-07-10,1.0859695990723388
2018-07-11,1.094205608804699
2018-07-12,1.086287442045069
2018-07-13,1.0986933640098144
2018-07-14,1.1009569858046862
2018-07-15,1.0655490214493535
2018-07-16,1.0308066869858616
2018-07-17,0.9992015918939454
2018-07-18,0.9896462360787274
2018-07-19,0.9894189633514546
2018-07-20,0.9787554832103371
2018-07-21,1.0268546914322447
2018-07-22,0.9958945033029389
2018-07-23,0.9815976293417386
2018-07-24,0.9937744317095276
2018-07-25,0.9792906980565533
2018-07-26,0.984255637014423
2018-07-27,1.0048852842221434
2018-07-28,1.0157827201195793
2018-07-29,0.9945895245557049
2018-07-30,0.9803096056916074
2018-07-31,0.9866718708081527
2018-08-01,0.9913055689152193
2018-08-02,0.987151700259376
2018-08-03,1.0060487417908186
2018-08-04,1.0035806615354608
2018-08-05,0.9978617072870947
2018-08-06,0.9880905501195644
2018-08-07,0.9939525079373147
2018-08-08,0.9928674198410534
2018-08-09,1.0013133533326883
2018-08-10,1.0121466866660216
2018-08-11,1.016996173886384
2018-08-12,1.0078968472870575
2018-08-13,0.997205151395274
2018-08-14,0.9993789887664798
2018-08-15,1.0108853220396505
2018-08-16,1.012401279486459
2018-08-17,1.0116737093459065
2018-08-18,1.0196688392160365
2018-08-19,1.0191952325333342
2018-08-20,1.0171908836776
2018-08-21,1.0267384759163518
2018-08-22,1.0324886857392506
2018-08-23,1.031856963415264
2018-08-24,1.0576988058797157
2018-08-25,1.0780619736582004
2018-08-26,1.0674943261716523
2018-08-27,1.0622990519622937
2018-08-28,1.0715940951504337
2018-08-29,1.077058654537407
2018-08-30,1.0750820492983248
2018-08-31,1.090207729315956
2018-09-01,1.1097670928410477
2018-09-02,1.116616078049166
2018-09-03,1.1240531505525861
2018-09-04,1.1163906019107788
2018-09-05,1.108791414901034
2018-09-06,1.1045068677085506
2018-09-07,1.1035123843590433
2018-09-08,1.1111720799060627
2018-09-09,1.0916652771849746
2018-09-10,1.0872213199783787
2018-09-11,1.0843401862365891
2018-09-12,1.1003489971072757
2018-09-13,1.1097288875611098
2018-09-14,1.1142257429070217
2018-09-15,1.1325431381711382
2018-09-16,1.1281514763430773
2018-09-17,1.1119130282869907
2018-09-18,1.0974369533818158
2018-09-19,1.0788172902342275
2018-09-20,1.0783937642886599
2018-09-21,1.088152796335527
2018-09-22,1.0991613364831399
2018-09-23,1.0849135516046244
2018-09-24,1.0724738179243611
2018-09-25,1.0743353294911946
2018-09-26,1.0726137806861695
2018-09-27,1.0810787836003855
2018-09-28,1.0918129105845125
2018-09-29,1.0874656810638725
2018-09-30,1.0718037558738371
2018-10-01,1.0453470480665832
2018-10-02,1.0197066113159923
2018-10-03,1.011468885217801
2018-10-04,1.011027524497335
2018-10-05,1.0195696114834085
2018-10-06,1.014624577946908
2018-10-07,1.0006934407446968
2018-10-08,0.9794406938978
2018-10-09,0.9737667402228928
2018-10-10,0.9672386257420756
2018-10-11,0.9642410345397195
2018-10-12,0.9538807968009599
2018-10-13,0.9677522450352115
2018-10-14,0.9442521791330105
2018-10-15,0.9330757691938414
2018-10-16,0.9425183791290621
2018-10-17,0.9270603986137202
2018-10-18,0.9273762306995106
2018-10-19,0.9289282036307938
2018-10-20,0.9080426564294571
2018-10-21,0.8888138395610464
2018-10-22,0.8700884908356976
2018-10-23,0.8615021929285567
2018-10-24,0.8384871130605055
2018-10-25,0.8200838568362656
2018-10-26,0.8103868317761272
2018-10-27,0.7905578458511621
2018-10-28,0.7622066684955763
2018-10-29,0.7453507449906333
2018-10-30,0.7470268396899837
2018-10-31,0.7452257269568007
2018-11-01,0.7486173416979677
2018-11-02,0.7507265695699075
2018-11-03,0.7658652226542311
2018-11-04,0.7578749719544713
2018-11-05,0.7575067301494478
2018-11-06,0.7680696891653881
2018-11-07,0.7737513404411892
2018-11-08,0.783965085936439
2018-11-09,0.7781201334745992
2018-11-10,0.7702757829148473
2018-11-11,0.759249049034865
2018-11-12,0.7400626801282761
2018-11-13,0.7450097014604836
2018-11-14,0.7317123070310138
2018-11-15,0.7129302437254206
2018-11-16,0.7245718477354457
2018-11-17,0.7287041959595851
2018-11-18,0.7279261579684325
2018-11-19,0.7334578067970028
2018-11-20,0.7372751799000902
2018-11-21,0.7314115010952349
2018-11-22,0.7282491651225945
2018-11-23,0.7474092639965983
2018-11-24,0.7512433774426862
2018-11-25,0.7606768850589979
2018-11-26,0.7710824022077433
2018-11-27,0.7819987188265818
2018-11-28,0.8013594592872088
2018-11-29,0.8069539188431244
2018-11-30,0.816838386646881
2018-12-01,0.835346635503967
2018-12-02,0.8433674312726893
2018-12-03,0.8196178222420087
2018-12-04,0.8223023432048655
2018-12-05,0.8132827661858545
2018-12-06,0.809842264765464
2018-12-07,0.7968912976039705
2018-12-08,0.795065379211787
2018-12-09,0.8017185055167869
2018-12-10,0.8009623804124514
2018-12-11,0.8008717394794748
2018-12-12,0.8047526761307264
2018-12-13,0.8005176344036875
2018-12-14,0.8013386776545512
2018-12-15,0.8301457471311953
2018-12-16,0.8303506299676571
2018-12-17,0.8246207254963338
2018-12-18,0.8207955888843119
2018-12-19,0.8257541687921395
2018-12-20,0.8043910081432645
2018-12-21,0.813397544090977
2018-12-22,0.8197602713312355
2018-12-23,0.8088851402768518
2018-12-24,0.8153236842808407
2018-12-25,0.8174672690850119
2018-12-26,0.8098671603990575
2018-12-27,0.8158857046091942
2018-12-28,0.806614810191278
2018-12-29,0.7980230136757612
2018-12-30,0.7900312139876534
2018-12-31,0.7785212424776821
2019-01-01,0.7720405867678249
2019-01-02,0.7716020658992895
2019-01-03,0.7693230093491331
2019-01-04,0.7836132852015342
2019-01-05,0.8039387832175271
2019-01-06,0.8252780438228009
2019-01-07,0.8306756801282182
2019-01-08,0.838015433031554
2019-01-09,0.8455619221337713
2019-01-10,0.8541703363732535
2019-01-11,0.8602312433576956
2019-01-12,0.8737600703954691
2019-01-13,0.8825431846583297
2019-01-14,0.8674683262705302
2019-01-15,0.87250384820025
2019-01-16,0.8794217225963853
2019-01-17,0.8836118634414557
2019-01-18,0.9086034551983199
2019-01-19,0.9558584359898862
2019-01-20,0.9765251026565527
2019-01-21,0.9747970465827368
2019-01-22,0.9803746975146862
2019-01-23,0.9931754362588213
2019-01-24,0.9991328928335618
2019-01-25,1.0251998031372094
2019-01-26,1.0363009085591353
2019-01-27,1.0439641081058164
2019-01-28,1.0412587574531822
2019-01-29,1.0466587080946341
2019-01-30,1.0278784437313309
2019-01-31,1.0244596699108293
2019-02-01,1.0455523493194119
2019-02-02,1.0650697884020686
2019-02-03,1.0578555939331997
2019-02-04,1.0457162712675612
2019-02-05,1.0438961025095526
2019-02-06,1.0356565014056487
2019-02-07,1.0127023265125186
2019-02-08,1.0232410512020123
2019-02-09,1.0282817016085162
2019-02-10,1.0314364613902334
2019-02-11,1.0260420799747823
2019-02-12,1.0324211961013487
2019-02-13,1.0222194221385448
2019-02-14,1.014183103537142
2019-02-15,1.0289831035371422
2019-02-16,1.0464281828178579
2019-02-17,1.0313610353708476
2019-02-18,1.0027248381980651
2019-02-19,0.9850811600371456
2019-02-20,0.9816338965072291
2019-02-21,0.9857530809949465
2019-02-22,0.9825729847661909
2019-02-23,0.9854404024484235
2019-02-24,0.9720142040941407
2019-02-25,0.9722644801338904
2019-02-26,0.976468141848226
2019-02-27,0.9763569932361773
2019-02-28,0.9671926655884593
2019-03-01,0.9998130858971815
2019-03-02,1.0296835018878883
2019-03-03,1.0260197149726005
2019-03-04,1.0220670249337342
2019-03-05,1.0275265943988183
2019-03-06,1.0224108030918282
2019-03-07,1.031236009490177
2019-03-08,1.0703768032866074
2019-03-09,1.1333991318352519
2019-03-10,1.11788739474605
2019-03-11,1.112907021615013
2019-03-12,1.1021314235520805
2019-03-13,1.1076285446935588
2019-03-14,1.1078073490920306
2019-03-15,1.1552517374339195
2019-03-16,1.199977475830544
2019-03-17,1.196089541270217
2019-03-18,1.1893276154914092
2019-03-19,1.187341622841801
2019-03-20,1.1905696453848924
2019-03-21,1.1947505403742906
2019-03-22,1.220891683253482
2019-03-23,1.211176611625824
2019-03-24,1.2070024478705828
2019-03-25,1.2024780160313362
2019-03-26,1.1965284058266399
2019-03-27,1.1906486404307453
2019-03-28,1.1920564191083263
2019-03-29,1.1978543101839219
2019-03-30,1.2230172995534823
2019-03-31,1.194952606571026
2019-04-01,1.1671059214209702
2019-04-02,1.168147659951498
2019-04-03,1.162180601688873
2019-04-04,1.167452046264523
2019-04-05,1.1789857252394007
2019-04-06,1.1880568930331872
2019-04-07,1.1665271838043625
2019-04-08,1.1365271838043625
2019-04-09,1.1375722965863175
2019-04-10,1.134976808043245
2019-04-11,1.1330668792212701
2019-04-12,1.1646308061619095
2019-04-13,1.1987592979841704
2019-04-14,1.177228788009653
2019-04-15,1.153135220758191
2019-04-16,1.1551222378873256
2019-04-17,1.155144986464559
2019-04-18,1.159462827544019
2019-04-19,1.1633669371330602
2019-04-20,1.1685559107807717
2019-04-21,1.1434098815014662
2019-04-22,1.1592984353046887
2019-04-23,1.1649845176771116
2019-04-24,1.1796402448328387
2019-04-25,1.1965743161290758
2019-04-26,1.1891339234222036
2019-04-27,1.1881805888173331
2019-04-28,1.176915233323019
2019-04-29,1.1490844849935895
2019-04-30,1.15370179060914
2019-05-01,1.1539139212589697
2019-05-02,1.1444832094983128
2019-05-03,1.1615996826435875
2019-05-04,1.148059077818579
2019-05-05,1.1223010358031515
2019-05-06,1.0909213012944128
2019-05-07,1.0669315973047089
2019-05-08,1.0383601687332804
2019-05-09,1.0369315218147794
2019-05-10,1.032598046213698
2019-05-11,1.0331935487212465
2019-05-12,0.9807678836195249
2019-05-13,0.9358893183866049
2019-05-14,0.9203742387754257
2019-05-15,0.9099083146554072
2019-05-16,0.9035874413638383
2019-05-17,0.8916601484396264
2019-05-18,0.8884743397691585
2019-05-19,0.8893448559546352
2019-05-20,0.8770982193817906
2019-05-21,0.87146800038645
2019-05-22,0.8574442545332442
2019-05-23,0.8527206953576303
2019-05-24,0.8459237885607234
2019-05-25,0.8193067608832264
2019-05-26,0.8238823302414046
2019-05-27,0.8204669640949459
2019-05-28,0.8278170608067448
2019-05-29,0.835770410371982
2019-05-30,0.8405124979039341
2019-05-31,0.8506876905739374
2019-06-01,0.8732599491346777
2019-06-02,0.8375304797768413
2019-06-03,0.838216869646287
2019-06-04,0.8502628688735849
2019-06-05,0.8507609350725415
2019-06-06,0.860245144556751
2019-06-07,0.8946637186162091
2019-06-08,0.9201847292122655
2019-06-09,0.932429760166974
2019-06-10,0.9335412769411413
2019-06-11,0.9539102044542103
2019-06-12,0.963428579601808
2019-06-13,0.9725367063235709
2019-06-14,0.993564844559738
2019-06-15,1.001031378011806
2019-06-16,1.0062671557245304
2019-06-17,1.0028515353797762
2019-06-18,0.9883143525276329
2019-06-19,0.9893562138943057
2019-06-20,0.9974974847926573
2019-06-21,1.0155123972077535
2019-06-22,1.029949393224464
2019-06-23,1.0220027102777811
2019-06-24,1.041137583102413
2019-06-25,1.0418055725204023
2019-06-26,1.0357038600676112
2019-06-27,1.0470982467387506
2019-06-28,1.0574752489922374
2019-06-29,1.0780396742526945
2019-06-30,1.070015791379617
2019-07-01,1.0606850819356033
2019-07-02,1.072579562752569
2019-07-03,1.093505373318853
2019-07-04,1.0954390936668956
2019-07-05,1.1182174376777674
2019-07-06,1.121178365638695
2019-07-07,1.108242700095341
2019-07-08,1.0893970057226265
2019-07-09,1.088492206352052
2019-07-10,1.0892317864962462
2019-07-11,1.096174368833757
2019-07-12,1.114853636576872
2019-07-13,1.127406354477528
2019-07-14,1.1020488187239528
2019-07-15,1.1041940920977058
2019-07-16,1.1029401427235723
2019-07-17,1.0992253266641738
2019-07-18,1.1110446581908222
2019-07-19,1.1156395219905708
2019-07-20,1.1202953765759118
2019-07-21,1.1084113614132083
2019-07-22,1.0845687954429828
2019-07-23,1.0664716626906778
2019-07-24,1.046683024175669
2019-07-25,1.0334139082855855
2019-07-26,1.0515098818574584
2019-07-27,1.0533541315499555
2019-07-28,1.0329235189056023
2019-07-29,1.004763471684083
2019-07-30,1.0042622016363487
2019-07-31,0.9916375854665003
2019-08-01,0.9854967841089483
2019-08-02,0.9726438429324776
2019-08-03,0.9855928002931996
2019-08-04,0.9681023845849622
2019-08-05,0.9576077622482345
2019-08-06,0.9563629489702262
2019-08-07,0.961674770487034
2019-08-08,0.9639529661661871
2019-08-09,0.9601692093151655
2019-08-10,0.9534249574866611
2019-08-11,0.939653176503825
2019-08-12,0.9246291879253764
2019-08-13,0.9306509439471324
2019-08-14,0.9220641667104696
2019-08-15,0.9184317356763585
2019-08-16,0.918022709583746
2019-08-17,0.9093426185634266
2019-08-18,0.9026256358876785
2019-08-19,0.8845198756264845
2019-08-20,0.8742699646986074
2019-08-21,0.8802233750879643
2019-08-22,0.8781710679082207
2019-08-23,0.8771022506260144
2019-08-24,0.8796600870548185
2019-08-25,0.8666638754173095
2019-08-26,0.8465953507668312
2019-08-27,0.840701177086398
2019-08-28,0.840313217588269
2019-08-29,0.8328782532676506
2019-08-30,0.8268344822238797
2019-08-31,0.815913913578885
2019-09-01,0.8212811702160532
2019-09-02,0.7943933898438745
2019-09-03,0.7949374548323841
2019-09-04,0.804723393463659
2019-09-05,0.8030662870264378
2019-09-06,0.7993047055397378
2019-09-07,0.7862586688488413
2019-09-08,0.7841308622858015
2019-09-09,0.7768107543575486
2019-09-10,0.7610150134225319
2019-09-11,0.7571170183954163
2019-09-12,0.7572418344776792
2019-09-13,0.7612454332181201
2019-09-14,0.7679272859136402
2019-09-15,0.7770257748435768
2019-09-16,0.7721365343372477
2019-09-17,0.7714737543004343
2019-09-18,0.7943818750741019
2019-09-19,0.7940984498154361
2019-09-20,0.7938976413430647
2019-09-21,0.817724272628361
2019-09-22,0.8303422456718661
2019-09-23,0.8237164017403226
2019-09-24,0.8152574720162419
2019-09-25,0.8141587592237978
2019-09-26,0.8187367116849619
2019-09-27,0.8302254833299835
2019-09-28,0.8403364051308151
2019-09-29,0.8356128787875704
2019-09-30,0.8457627145839581
2019-10-01,0.8386031943364747
2019-10-02,0.8538168675657961
2019-10-03,0.857148393768053
2019-10-04,0.8441106387270669
2019-10-05,0.8342982111141087
2019-10-06,0.8261884724617723
2019-10-07,0.8323919182473906
2019-10-08,0.823704409495115
2019-10-09,0.8268947239130433
2019-10-10,0.8326020025856848
2019-10-11,0.8393957719478551
2019-10-12,0.8471380887327251
2019-10-13,0.8365514531460896
2019-10-14,0.8357384450160082
2019-10-15,0.8305917283579837
2019-10-16,0.8410855158472724
2019-10-17,0.8455712217122887
2019-10-18,0.8421820849362057
2019-10-19,0.8482467733705188
2019-10-20,0.8444472356288197
2019-10-21,0.8216980824820913
2019-10-22,0.8140681962871382
2019-10-23,0.8134836906819009
2019-10-24,0.8097222112348351
2019-10-25,0.8202551302539024
2019-10-26,0.8250614046769651
2019-10-27,0.8192123636716742
2019-10-28,0.8211305466109448
2019-10-29,0.8336405713639564
2019-10-30,0.8418350839830917
2019-10-31,0.8417052022646873
2019-11-01,0.8436438596720947
2019-11-02,0.8362835614672096
2019-11-03,0.8528419660256141
2019-11-04,0.8782084874421685
2019-11-05,0.8954314278581985
2019-11-06,0.8913254780261172
2019-11-07,0.913793972532184
2019-11-08,0.9244616603016417
2019-11-09,0.9334425422011173
2019-11-10,0.9244645987404153
2019-11-11,0.9233648919955473
2019-11-12,0.9188464370053941
2019-11-13,0.9178287815199149
2019-11-14,0.9109251061268437
2019-11-15,0.8792924297486662
2019-11-16,0.8869215875689067
2019-11-17,0.8803083537817599
2019-11-18,0.8745667913237795
2019-11-19,0.8824075301681025
2019-11-20,0.895846960242095
2019-11-21,0.9028939563661261
2019-11-22,0.9155841038827048
2019-11-23,0.9302341596507099
2019-11-24,0.931633380750964
2019-11-25,0.9374505392642011
2019-11-26,0.9473945767082385
2019-11-27,0.9475728298276681
2019-11-28,0.953989093502019
2019-11-29,0.9570733165150677
2019-11-30,0.9621270407911557
2019-12-01,0.9732062234220625
2019-12-02,0.9857574486365578
2019-12-03,0.9853906704871709
2019-12-04,0.9663224741760019
2019-12-05,0.9477200220736627
2019-12-06,0.9548270998213435
2019-12-07,0.9462850317417033
2019-12-08,0.935872896747306
2019-12-09,0.9449394100691386
2019-12-10,0.9521568084630075
2019-12-11,0.9463328004483399
2019-12-12,0.9609712576894144
2019-12-13,0.9578019213049751
2019-12-14,0.958785077638841
2019-12-15,0.9894909599917822
2019-12-16,0.9900153730191094
2019-12-17,0.995397626930775
2019-12-18,1.0060511375842858
2019-12-19,1.0086419560282451
2019-12-20,1.0097581442186512
2019-12-21,1.0147332029040972
2019-12-22,1.0073580468491656
2019-12-23,1.0141772275805299
2019-12-24,1.0330352151994897
2019-12-25,1.0396104996342512
2019-12-26,1.0363580277053086
2019-12-27,1.041883874407626
2019-12-28,1.040142125968732
2019-12-29,1.0623218582823075
2019-12-30,1.0729814185754454
